"source","target","count"
"LOGAN","KENDALL",7
"LOGAN","ROMAN",5
"SHIV","ROMAN",5
"COMFREY PELLITS","SHIV",4
"GREG","ROMAN",3
"KENDALL","ROMAN",3
"ROMAN","KENDALL",3
"ROMAN","LOGAN",3
"SHIV","KENDALL",3
"SHIV","TOM",3
"CONNOR","SHIV",2
"CONNOR","TOM",2
"KENDALL","LOGAN",2
"KENDALL","TOM",2
"LOGAN","KARL",2
"LOGAN","SHIV",2
"TOM","GREG",2
"CONNOR","KENDALL",1
"CONNOR","ROMAN",1
"FRANK","GERRI",1
"GERRI","KARL",1
"GERRI","KENDALL",1
"GREG","TOM",1
"HUGO","KENDALL",1
"HUGO","ROMAN",1
"KARL","FRANK",1
"KARL","SHIV",1
"KENDALL","FRANK",1
"LOGAN","CONNOR",1
"LOGAN","GREG",1
"LOGAN","HUGO",1
"LOGAN","TOM",1
"ROMAN","FRANK",1
"ROMAN","SHIV",1
"ROMAN","TOM",1
"SHIV","CONNOR",1
"SHIV","LOGAN",1
"TOM","ROMAN",1
